{"cameraMode":{"drawMode":0,"name":"Shaded","section":"Shading Mode"},"sceneLighting":false,"audioPlay":false,"sceneViewState":{"showFog":true,"showMaterialUpdate":false,"showSkybox":false,"showFlares":true,"showImageEffects":true,"showParticleSystems":true},"in2DMode":false,"pivot":{"x":-6.539453983306885,"y":-7.16738748550415,"z":-8.950990676879883},"rotation":{"x":-0.09299210458993912,"y":0.9067826271057129,"z":-0.2938910126686096,"w":-0.2880820035934448},"size":30.028553009033204,"orthographic":false}